LGA,prevalence,burden,recommended_mix,scenario,bau_cases_24m,scenario_cases_24m,cases_averted_24m,cases_averted_low_24m,cases_averted_high_24m,percent_averted,target_coverage_CM,target_coverage_IPTp,target_coverage_Dual AI,target_coverage_PMC,target_coverage_Vac,target_coverage_LSM,target_coverage_Pyr,programme_cost_usd_2024,treatment_savings_usd_2024,net_cost_usd_2024,programme_cost_ngn,treatment_savings_ngn,net_cost_ngn,net_cost_per_case_averted_ngn,net_monetary_benefit_ngn
Aba North,11.54,Moderate,CM + IPTp + Dual AI + PMC + Vac,BAU,276687.2412671912,276687.2412671912,0.0,0.0,0.0,0.0,0.55,0.45,0.4,0.35,0.25,,,0.0,0.0,0.0,0.0,0.0,0.0,,0.0
Aba North,11.54,Moderate,CM + IPTp + Dual AI + PMC + Vac,Scenario 1,276687.2412671912,261109.8571710982,15577.384096092977,2624.6770101760867,293336.4951107628,5.629961115933863,0.65,0.55,0.5,0.45,0.35,,,474933.25957916543,220710.38389762645,254222.87568153895,712399889.3687482,331065575.84643966,381334313.5223084,24479.99684478168,1955273300.8916383
Aba North,11.54,Moderate,CM + IPTp + Dual AI + PMC + Vac,Scenario 2,276687.2412671912,244812.48291291014,31874.758354281024,5281.396284635723,592521.560516844,11.520140288471135,0.75,0.65,0.6,0.6,0.5,,,962846.0747579416,451622.05089248193,511224.0238654597,1444269112.1369126,677433076.338723,766836035.7981895,24057.783506151587,4014377717.343964
Aba North,11.54,Moderate,CM + IPTp + Dual AI + PMC + Vac,Target,276687.2412671912,225574.40486032225,51112.836406868926,8455.239174258742,949827.8917628935,18.473145408794007,0.85,0.75,0.75,0.75,0.65,,,1496973.5658513242,724199.4981869954,772774.0676643288,2245460348.776986,1086299247.280493,1159161101.4964933,22678.473412614538,6507764359.533846
Aba North,11.54,Moderate,CM + IPTp + Dual AI + PMC + Vac,High,276687.2412671912,213339.57861392415,63347.662653267034,10377.799840167863,1200564.7480643063,22.895042923968255,0.9,0.85,0.85,0.85,0.75,,,1794974.158169783,897550.3754013905,897423.7827683925,2692461237.2546744,1346325563.1020858,1346135674.1525886,21249.965946188928,8156013723.837466
Aba North,11.54,Moderate,CM + IPTp + Dual AI + PMC + Vac,Maximum,276687.2412671912,206192.22600772284,70495.01525946833,11523.63054368077,1338215.9430687204,25.478231282588396,0.95,0.9,0.9,0.9,0.85,,,2044659.2671260322,998818.6581782172,1045840.6089478149,3066988900.6890483,1498227987.2673259,1568760913.4217224,22253.50129576742,9005491375.498528
Aba South,11.72,Moderate,CM + IPTp + Dual AI + PMC + Vac + LSM,BAU,124800.18836935727,124800.18836935727,0.0,0.0,0.0,0.0,0.55,0.45,0.4,0.35,0.25,0.1,,0.0,0.0,0.0,0.0,0.0,0.0,,0.0
Aba South,11.72,Moderate,CM + IPTp + Dual AI + PMC + Vac + LSM,Scenario 1,124800.18836935727,111702.14027060303,13098.048098754263,2879.6446935890463,61893.653224345886,10.495215007199688,0.65,0.55,0.5,0.45,0.35,0.25,,734878.0445279778,185581.55890312165,549296.4856248562,1102317066.7919667,278372338.3546825,823944728.4372844,62905.91714315422,1140762486.375855
Aba South,11.72,Moderate,CM + IPTp + Dual AI + PMC + Vac + LSM,Scenario 2,124800.18836935727,99152.72653033264,25647.461839024647,5523.879185144047,124186.2841276878,20.550819813763983,0.75,0.65,0.6,0.6,0.5,0.4,,1521682.6477797432,363389.7138037847,1158292.9339759585,2282523971.669615,545084570.705677,1737439400.9639378,67743.13231729956,2109679874.889759
Aba South,11.72,Moderate,CM + IPTp + Dual AI + PMC + Vac + LSM,Target,124800.18836935727,86540.58162491504,38259.606744442244,8057.145752414616,190708.16338887447,30.656689901147846,0.85,0.75,0.75,0.75,0.65,0.55,,2493365.615682715,542086.6841471804,1951278.9315355346,3740048423.5240726,813130026.2207706,2926918397.303302,76501.52854037055,2812022614.363035
Aba South,11.72,Moderate,CM + IPTp + Dual AI + PMC + Vac + LSM,High,124800.18836935727,77171.68621478569,47628.5021545716,9881.532200660728,240713.57124705618,38.16380630260814,0.9,0.85,0.85,0.85,0.75,0.7,,3156189.269301086,674831.2123626075,2481358.0569384787,4734283903.95163,1012246818.5439112,3722037085.407718,78147.26302600007,3422238237.7780223
Aba South,11.72,Moderate,CM + IPTp + Dual AI + PMC + Vac + LSM,Maximum,124800.18836935727,71644.69776446189,53155.490604895385,10940.05690182659,270912.1319851143,42.59247626099487,0.95,0.9,0.9,0.9,0.85,0.8,,3590250.252614469,753141.1349493318,2837109.117665137,5385375378.921703,1129711702.4239976,4255663676.497706,80060.66030186876,3717659914.2366023
Arochukwu,13.02,Moderate,CM + IPTp + Dual AI + PMC + Vac,BAU,974339.9295080382,974339.9295080382,0.0,0.0,0.0,0.0,0.55,0.45,0.4,0.35,0.25,,,0.0,0.0,0.0,0.0,0.0,0.0,,0.0
Arochukwu,13.02,Moderate,CM + IPTp + Dual AI + PMC + Vac,Scenario 1,974339.9295080382,918013.3964086563,56326.53309938205,289.47561338883384,51590741.09792341,5.78099402411049,0.65,0.55,0.5,0.45,0.35,,,1489537.5154575591,798070.5019082797,691467.0135492795,2234306273.186339,1197105752.8624196,1037200520.3239193,18414.066395563375,7411779444.583388
Arochukwu,13.02,Moderate,CM + IPTp + Dual AI + PMC + Vac,Scenario 2,974339.9295080382,861889.2761858844,112450.65332215394,598.0233040530172,102399062.34700878,11.541213689038928,0.75,0.65,0.6,0.6,0.5,,,2999647.057146665,1593273.088162245,1406373.9689844204,4499470585.719997,2389909632.2433677,2109560953.4766307,18759.881700580794,14758037044.84646
Arochukwu,13.02,Moderate,CM + IPTp + Dual AI + PMC + Vac,Target,974339.9295080382,794024.873513667,180315.05599437119,926.9979555701448,167719060.2365662,18.50638063097912,0.85,0.75,0.75,0.75,0.65,,,4583003.123311475,2554819.537448615,2028183.58586286,6874504684.967213,3832229306.172922,3042275378.79429,16871.9986360388,24004983020.36139
Arochukwu,13.02,Moderate,CM + IPTp + Dual AI + PMC + Vac,High,974339.9295080382,748706.2847310543,225633.64477698386,1131.701233734886,212808751.5187884,23.157589866086095,0.9,0.85,0.85,0.85,0.75,,,5423713.850044953,3196922.413400542,2226791.4366444107,8135570775.067429,4795383620.100813,3340187154.966616,14803.586398952402,30504859561.58096
Arochukwu,13.02,Moderate,CM + IPTp + Dual AI + PMC + Vac,Maximum,974339.9295080382,723779.2976923785,250560.63181565958,1258.7291551842588,236825303.91528332,25.715935909777624,0.95,0.9,0.9,0.9,0.85,,,6187848.392357065,3550103.977441013,2637744.414916052,9281772588.535599,5325155966.161519,3956616622.374078,15791.054619007376,33627478149.97486
Bende,8.1,Low,CM + IPTp + Dual AI + PMC,BAU,410702.4027154873,410702.4027154873,0.0,0.0,0.0,0.0,0.55,0.45,0.4,0.35,,,,0.0,0.0,0.0,0.0,0.0,0.0,,0.0
Bende,8.1,Low,CM + IPTp + Dual AI + PMC,Scenario 1,410702.4027154873,391203.9396085179,19498.463106969408,699.5500696589186,5526725.818715935,4.747589246629488,0.65,0.55,0.5,0.45,,,,691684.9807919208,276266.7500015169,415418.23079040385,1037527471.1878812,414400125.00227535,623127346.1856058,31957.767274636073,2301642119.859805
Bende,8.1,Low,CM + IPTp + Dual AI + PMC,Scenario 2,410702.4027154873,371327.1189878366,39375.28372765078,1411.0803549033167,10941724.35828473,9.587302988078177,0.75,0.65,0.6,0.6,,,,1384742.027597233,557894.3122926186,826847.7153046143,2077113041.3958495,836841468.4389279,1240271572.9569213,31498.73361003763,4666020986.190695
Bende,8.1,Low,CM + IPTp + Dual AI + PMC,Target,410702.4027154873,346207.4472240852,64494.95549140209,2281.4048491971744,17605740.772274166,15.70357394185511,0.85,0.75,0.75,0.75,,,,2161116.0602060203,913805.9572876518,1247310.1029183683,3241674090.3090305,1370708935.9314778,1870965154.3775525,29009.480510874582,7803278169.332762
Bende,8.1,Low,CM + IPTp + Dual AI + PMC,High,410702.4027154873,330057.0276548868,80645.37506060052,2813.6778497913774,22411310.438747734,19.635963784820447,0.9,0.85,0.85,0.85,,,,2594063.104221805,1142635.4758535812,1451427.6283682236,3891094656.3327074,1713953213.780372,2177141442.5523353,26996.48232668438,9919664816.537743
Bende,8.1,Low,CM + IPTp + Dual AI + PMC,Maximum,410702.4027154873,321343.3773379828,89359.02537750448,3111.120401623998,24918874.278171904,21.757609594363064,0.95,0.9,0.9,0.9,,,,2939905.594617765,1266096.0706960692,1673809.5239216958,4409858391.926647,1899144106.0441036,2510714285.8825436,28096.930055759072,10893139520.74313
Ikwuano,7.99,Low,CM + IPTp + Dual AI + PMC,BAU,127967.77868161231,127967.77868161231,0.0,0.0,0.0,0.0,0.55,0.45,0.4,0.35,,,,0.0,0.0,0.0,0.0,0.0,0.0,,0.0
Ikwuano,7.99,Low,CM + IPTp + Dual AI + PMC,Scenario 1,127967.77868161231,121268.27723267986,6699.5014489324585,162.92771580622426,6577533.694243992,5.235303384925529,0.65,0.55,0.5,0.45,,,,270443.2467364458,94922.83990657027,175520.40682987552,405664870.10466874,142384259.8598554,263280610.24481326,39298.537697423155,741644607.0950556
Ikwuano,7.99,Low,CM + IPTp + Dual AI + PMC,Scenario 2,127967.77868161231,114182.51314935536,13785.265532256952,340.5822935674166,13051076.68290607,10.77245043578908,0.75,0.65,0.6,0.6,,,,541868.7335574089,195318.49693031984,346550.2366270891,812803100.3361133,292977745.39547974,519825354.94063365,37708.7661985374,1547964474.8979092
Ikwuano,7.99,Low,CM + IPTp + Dual AI + PMC,Target,127967.77868161231,105818.19904921993,22149.579632392386,538.0875314837472,21359722.67854675,17.308716194489246,0.85,0.75,0.75,0.75,,,,872940.6311941848,313829.47185994533,559111.1593342394,1309410946.7912772,470744207.789918,838666739.0013591,37863.77678133724,2483770205.857499
Ikwuano,7.99,Low,CM + IPTp + Dual AI + PMC,High,127967.77868161231,100378.56361466585,27589.215066946454,658.5335285722554,27114060.246488918,21.559501423861743,0.9,0.85,0.85,0.85,,,,1070520.1549657902,390901.72080864286,679618.4341571474,1605780232.4486854,586352581.2129643,1019427651.2357211,36950.22307673613,3118954608.8062468
Ikwuano,7.99,Low,CM + IPTp + Dual AI + PMC,Maximum,127967.77868161231,97521.74524985769,30446.03343175463,722.5852587164065,30162929.903683178,23.791952744217962,0.95,0.9,0.9,0.9,,,,1205741.7783340132,431378.9584586246,774362.8198753884,1808612667.5010197,647068437.6879369,1161544229.8130827,38150.92144652296,3405360784.9501114
Isiala Ngwa North,11.47,Moderate,CM + IPTp + Dual AI + PMC + Vac,BAU,88338.7868146988,88338.7868146988,0.0,0.0,0.0,0.0,0.55,0.45,0.4,0.35,0.25,,,0.0,0.0,0.0,0.0,0.0,0.0,,0.0
Isiala Ngwa North,11.47,Moderate,CM + IPTp + Dual AI + PMC + Vac,Scenario 1,88338.7868146988,83005.24077826698,5333.546036431838,1582.5423562552628,1923552.6446169834,6.037603898296216,0.65,0.55,0.5,0.45,0.35,,,269283.2716506241,75569.10621031582,193714.1654403083,403924907.4759362,113353659.31547372,290571248.16046244,54479.936270477134,509460657.30431324
Isiala Ngwa North,11.47,Moderate,CM + IPTp + Dual AI + PMC + Vac,Scenario 2,88338.7868146988,77288.7236120727,11050.063202626116,3396.612798232223,3811461.525252526,12.508733254176276,0.75,0.65,0.6,0.6,0.5,,,557284.9703980908,156564.39338594378,400720.57701214706,835927455.5971361,234846590.0789157,601080865.5182205,54396.14728858474,1056428614.8756968
Isiala Ngwa North,11.47,Moderate,CM + IPTp + Dual AI + PMC + Vac,Target,88338.7868146988,70985.94162954972,17352.845185149105,5072.271049592862,6238984.02294152,19.64351765612174,0.85,0.75,0.75,0.75,0.65,,,911934.4099033053,245866.25706243847,666068.1528408669,1367901614.854958,368799385.5936577,999102229.2613004,57575.70119488827,1603824548.511065
Isiala Ngwa North,11.47,Moderate,CM + IPTp + Dual AI + PMC + Vac,High,88338.7868146988,66885.06869212892,21453.718122569902,6012.216839377443,7922552.713072128,24.28572872250515,0.9,0.85,0.85,0.85,0.75,,,1133874.3050051741,303970.05900698603,829904.245998188,1700811457.5077612,455955088.51047903,1244856368.997282,58025.20392433323,1973201349.3882031
Isiala Ngwa North,11.47,Moderate,CM + IPTp + Dual AI + PMC + Vac,Maximum,88338.7868146988,64444.076204362565,23894.710610336246,6664.755035444174,8815362.647179011,27.048945850318578,0.95,0.9,0.9,0.9,0.85,,,1286136.8054138194,338555.6085281832,947581.1968856363,1929205208.120729,507833412.7922748,1421371795.3284545,59484.7880147,2162834796.2219825
Isiala Ngwa South,8.29,Low,CM + IPTp + Dual AI + PMC,BAU,189110.79384667694,189110.79384667694,0.0,0.0,0.0,0.0,0.55,0.45,0.4,0.35,,,,0.0,0.0,0.0,0.0,0.0,0.0,,0.0
Isiala Ngwa South,8.29,Low,CM + IPTp + Dual AI + PMC,Scenario 1,189110.79384667694,179390.80643355608,9719.987413120885,1195.8481509084543,90511.5169397594,5.139837454757576,0.65,0.55,0.5,0.45,,,,358763.3218217743,137719.02523531398,221044.29658646032,538144982.7326615,206578537.85297096,331566444.87969047,34111.81833755394,1126431667.0884423
Isiala Ngwa South,8.29,Low,CM + IPTp + Dual AI + PMC,Scenario 2,189110.79384667694,169681.44832972935,19429.34551694757,2381.061198344131,180987.48099538498,10.274054231246083,0.75,0.65,0.6,0.6,,,,718500.0475016835,275287.44758888497,443212.5999127985,1077750071.252525,412931171.3833275,664818899.8691977,34217.25653544523,2249582927.672938
Isiala Ngwa South,8.29,Low,CM + IPTp + Dual AI + PMC,Target,189110.79384667694,157690.27548150852,31420.518365168413,3769.8355742731733,297738.3000662135,16.61487307310594,0.85,0.75,0.75,0.75,,,,1137343.767015992,445186.0869488411,692157.6800671509,1706015650.523988,667779130.4232616,1038236520.1007262,33043.265169414764,3674841234.6745358
Isiala Ngwa South,8.29,Low,CM + IPTp + Dual AI + PMC,High,189110.79384667694,149699.4024783777,39411.391368299206,4657.480195069875,377063.51651605323,20.840371174292834,0.9,0.85,0.85,0.85,,,,1378519.3526593186,558405.9085388171,820113.4441205015,2067779028.988978,837608862.8082256,1230170166.1807523,31213.568551407378,4681538539.064129
Isiala Ngwa South,8.29,Low,CM + IPTp + Dual AI + PMC,Maximum,189110.79384667694,145445.01713272667,43665.77671395027,5137.831256466572,419247.7780013117,23.090049925628595,0.95,0.9,0.9,0.9,,,,1557901.0135702058,618684.7728907972,939216.2406794085,2336851520.3553085,928027159.3361958,1408824361.0191128,32263.810861493825,5141042146.073428
Isuikwato,6.07,Low,CM + IPTp + Dual AI + PMC + LSM,BAU,227168.16596322536,227168.16596322536,0.0,0.0,0.0,0.0,0.55,0.45,0.4,0.35,,0.1,,0.0,0.0,0.0,0.0,0.0,0.0,,0.0
Isuikwato,6.07,Low,CM + IPTp + Dual AI + PMC + LSM,Scenario 1,227168.16596322536,203322.6707237328,23845.49523949256,940.3530270029498,1719968.3611775702,10.496847187361956,0.65,0.55,0.5,0.45,,0.25,,415494.47951219196,337858.29354091914,77636.18597127282,623241719.2682879,506787440.3113787,116454278.95690922,4883.701419798544,3460370006.9669747
Isuikwato,6.07,Low,CM + IPTp + Dual AI + PMC + LSM,Scenario 2,227168.16596322536,180829.03870050513,46339.127262720234,1821.7042764862315,3370289.235657431,20.39860077499668,0.75,0.65,0.6,0.6,,0.4,,831813.7594840864,656562.5206738758,175251.23881021063,1247720639.2261295,984843781.0108137,262876858.21531594,5672.891867922597,6687992231.192719
Isuikwato,6.07,Low,CM + IPTp + Dual AI + PMC + LSM,Target,227168.16596322536,157585.0807504278,69583.08521279754,2678.4264677975134,5197205.9927718695,30.63064972935594,0.85,0.75,0.75,0.75,,0.55,,1298218.9144362642,985897.8475050713,312321.0669311929,1947328371.6543963,1478846771.257607,468481600.3967893,6732.693713768062,9968981181.52284
Isuikwato,6.07,Low,CM + IPTp + Dual AI + PMC + LSM,High,227168.16596322536,139867.53830069254,87300.62766253282,3293.0573553958166,6635078.441530377,38.42995663250866,0.9,0.85,0.85,0.85,,0.7,,1572746.7723003111,1236931.3696729147,335815.4026273964,2359120158.4504666,1855397054.509372,503723103.9410946,5769.982615569207,12591371045.438828
Isuikwato,6.07,Low,CM + IPTp + Dual AI + PMC + LSM,Maximum,227168.16596322536,129690.04203969188,97478.12392353348,3641.393666152516,7468705.341612138,42.91011617328175,0.95,0.9,0.9,0.9,,0.8,,1785299.9920496892,1381132.6741426114,404167.31790707784,2677949988.074534,2071699011.2139173,606250976.8606168,6219.354173621449,14015467611.669405
Obi Nwa,12.87,Moderate,CM + IPTp + Dual AI + PMC + Vac,BAU,105309.81705212174,105309.81705212174,0.0,0.0,0.0,0.0,0.55,0.45,0.4,0.35,0.25,,,0.0,0.0,0.0,0.0,0.0,0.0,,0.0
Obi Nwa,12.87,Moderate,CM + IPTp + Dual AI + PMC + Vac,Scenario 1,105309.81705212174,99330.09956956876,5979.717482552975,1472.1982672402983,26634.774482234832,5.678214671661038,0.65,0.55,0.5,0.45,0.35,,,330526.5426556347,84724.47832268807,245802.06433294664,495789813.983452,127086717.48403211,368703096.49942,61658.94920206268,528254525.88352615
Obi Nwa,12.87,Moderate,CM + IPTp + Dual AI + PMC + Vac,Scenario 2,105309.81705212174,93132.39748164084,12177.419570480903,2981.0584168791447,54207.79295106961,11.563422966022099,0.75,0.65,0.6,0.6,0.5,,,683150.4295246858,172537.50255522152,510612.9269694643,1024725644.2870288,258806253.83283228,765919390.4541965,62896.69055263974,1060693545.117939
Obi Nwa,12.87,Moderate,CM + IPTp + Dual AI + PMC + Vac,Target,105309.81705212174,85953.48956986304,19356.327482258697,4609.6624967838925,88194.54314919612,18.380363791419875,0.85,0.75,0.75,0.75,0.65,,,1114451.3079010157,274252.8811707869,840198.4267302289,1671676961.8515236,411379321.7561804,1260297640.0953434,65110.36978737243,1643151482.2434614
Obi Nwa,12.87,Moderate,CM + IPTp + Dual AI + PMC + Vac,High,105309.81705212174,81252.96224274265,24056.854809379092,5627.404960301421,111058.9430881291,22.84388624231724,0.9,0.85,0.85,0.85,0.75,,,1382769.7793215916,340852.97169241915,1041916.8076291725,2074154668.9823873,511279457.5386287,1562875211.4437587,64965.89948385263,2045653009.963105
Obi Nwa,12.87,Moderate,CM + IPTp + Dual AI + PMC + Vac,Maximum,105309.81705212174,78553.5646105452,26756.25244157656,6230.714208509733,123929.68085338952,25.40717778318226,0.95,0.9,0.9,0.9,0.85,,,1568834.7589827424,379099.7712846612,1189734.9876980812,2353252138.4741135,568649656.9269918,1784602481.5471218,66698.52160514178,2228835384.6893616
Ohafia,8.98,Low,CM + IPTp + Dual AI + PMC,BAU,634837.8637307053,634837.8637307053,0.0,0.0,0.0,0.0,0.55,0.45,0.4,0.35,,,,0.0,0.0,0.0,0.0,0.0,0.0,,0.0
Ohafia,8.98,Low,CM + IPTp + Dual AI + PMC,Scenario 1,634837.8637307053,599844.5014721535,34993.36225855182,1950.3802676871046,1309883.8161885692,5.512173148102553,0.65,0.55,0.5,0.45,,,,1020365.6797296143,495808.43422168796,524557.2455079263,1530548519.5944214,743712651.3325319,786835868.2618895,22485.2891370734,4462168470.520883
Ohafia,8.98,Low,CM + IPTp + Dual AI + PMC,Scenario 2,634837.8637307053,564487.4646199655,70350.39911073982,3941.9700952122503,2614688.772374131,11.0816325127989,0.75,0.65,0.6,0.6,,,,2042483.5767010753,996769.6436898558,1045713.9330112196,3063725365.051613,1495154465.5347838,1568570899.5168295,22296.54585253616,8983988967.094143
Ohafia,8.98,Low,CM + IPTp + Dual AI + PMC,Target,634837.8637307053,521752.4555841765,113085.40814652879,6225.54748200847,4289574.6733047385,17.813274003848484,0.85,0.75,0.75,0.75,,,,3171001.473256349,1602266.7022443283,1568734.7710120208,4756502209.884523,2403400053.3664923,2353102156.518031,20808.185557141314,14609709065.461288
Ohafia,8.98,Low,CM + IPTp + Dual AI + PMC,High,634837.8637307053,493213.39975010953,141624.46398059576,7675.262964756775,5435551.063713222,22.308761350232263,0.9,0.85,0.85,0.85,,,,3792421.2329276744,2006626.377165136,1785794.8557625385,5688631849.391512,3009939565.747704,2678692283.643808,18914.050640366913,18564977313.445557
Ohafia,8.98,Low,CM + IPTp + Dual AI + PMC,Maximum,634837.8637307053,478148.63663164654,156689.2270990587,8453.74641811768,6043502.120224868,24.68177089788794,0.95,0.9,0.9,0.9,,,,4302604.072792481,2220073.6177731855,2082530.4550192952,6453906109.188721,3330110426.659778,3123795682.528943,19936.25050274888,20379588382.329865
Osisioma Ngwa,10.48,Moderate,CM + IPTp + Pyr + PMC + Vac,BAU,233675.25082857563,233675.25082857563,0.0,0.0,0.0,0.0,0.55,0.45,,0.35,0.25,,0.4,0.0,0.0,0.0,0.0,0.0,0.0,,0.0
Osisioma Ngwa,10.48,Moderate,CM + IPTp + Pyr + PMC + Vac,Scenario 1,233675.25082857563,222709.3271981427,10965.92363043292,3175.7076426125104,38740.67393083703,4.692804904049308,0.65,0.55,,0.45,0.35,,0.5,524695.5395839743,155372.24988064243,369323.28970333183,787043309.3759614,233058374.82096365,553984934.5549978,50518.766428170646,1090903610.0099401
Osisioma Ngwa,10.48,Moderate,CM + IPTp + Pyr + PMC + Vac,Scenario 2,233675.25082857563,211120.0078602599,22555.24296831573,6413.33546651104,81037.09808268612,9.652388470040535,0.75,0.65,,0.6,0.5,,0.6,1076199.6088293197,319577.1705783258,756622.438250994,1614299413.2439795,479365755.8674887,1134933657.3764908,50317.95307950255,2248352787.8708687
Osisioma Ngwa,10.48,Moderate,CM + IPTp + Pyr + PMC + Vac,Target,233675.25082857563,198171.19174959685,35504.05907897877,9879.095751300398,129460.5441883813,15.193760979430627,0.85,0.75,,0.75,0.65,,0.75,1717253.5221255966,503044.31481604266,1214209.207309554,2575880283.188395,754566472.224064,1821313810.9643312,51298.7488814397,3504295050.882484
Osisioma Ngwa,10.48,Moderate,CM + IPTp + Pyr + PMC + Vac,High,233675.25082857563,189614.2417525482,44061.0090760274,12113.309424196541,161532.88111838157,18.855659262071615,0.9,0.85,,0.85,0.75,,0.85,2098726.8191437996,624284.6788714612,1474442.1402723384,3148090228.715699,936427018.3071917,2211663210.408508,50195.47343076679,4397488150.995604
Osisioma Ngwa,10.48,Moderate,CM + IPTp + Pyr + PMC + Vac,Maximum,233675.25082857563,184460.98091213524,49214.26991644039,13455.180326449154,181549.3334875205,21.060968049433708,0.95,0.9,,0.9,0.85,,0.9,2386311.3022691202,697299.3886196419,1689011.9136494782,3579466953.4036803,1045949082.9294628,2533517870.4742174,51479.33464777209,4848622616.991841
Ugwunagbo,17.63,Moderate,CM + IPTp + Dual AI + PMC + Vac,BAU,250548.08893499654,250548.08893499654,0.0,0.0,0.0,0.0,0.55,0.45,0.4,0.35,0.25,,,0.0,0.0,0.0,0.0,0.0,0.0,,0.0
Ugwunagbo,17.63,Moderate,CM + IPTp + Dual AI + PMC + Vac,Scenario 1,250548.08893499654,236474.16482393764,14073.924111058908,1210.210026613583,186282.8660116151,5.6172546240056604,0.65,0.55,0.5,0.45,0.35,,,422485.93341352703,199408.39709261362,223077.5363209134,633728900.1202905,299112595.6389204,334616304.4813701,23775.62233822461,1776472312.177466
Ugwunagbo,17.63,Moderate,CM + IPTp + Dual AI + PMC + Vac,Scenario 2,250548.08893499654,222327.11514794786,28220.973787048664,2409.3229559199444,374991.57398409996,11.263695487364286,0.75,0.65,0.6,0.6,0.5,,,855342.6198307092,399852.8841608648,455489.7356698443,1283013929.7460637,599779326.2412972,683234603.5047665,24210.171082697383,3549911464.552533
Ugwunagbo,17.63,Moderate,CM + IPTp + Dual AI + PMC + Vac,Target,250548.08893499654,205245.62470371966,45302.46423127687,3766.051413951802,615248.3172956766,18.0813449521183,0.85,0.75,0.75,0.75,0.65,,,1325125.9275217855,641874.4129511081,683251.5145706773,1987688891.2826781,962811619.4266621,1024877271.8560159,22622.991690338105,5770492362.835514
Ugwunagbo,17.63,Moderate,CM + IPTp + Dual AI + PMC + Vac,High,250548.08893499654,193940.9220815368,56607.16685345975,4631.99723566419,776707.1076042426,22.593334115650027,0.9,0.85,0.85,0.85,0.75,,,1584736.7246589675,802046.7011991898,782690.0234597777,2377105086.988451,1203070051.7987847,1174035035.1896665,20740.042302928134,7317039992.829295
Ugwunagbo,17.63,Moderate,CM + IPTp + Dual AI + PMC + Vac,Maximum,250548.08893499654,187653.71055474726,62894.37838024928,5125.93595482864,865674.8582386171,25.102717265812757,0.95,0.9,0.9,0.9,0.85,,,1805742.3571990642,891127.9526572791,914614.404541785,2708613535.7985964,1336691928.9859185,1371921606.8126776,21813.103844007495,8062235150.224714
Ukwa East,21.11,Moderate,CM + IPTp + Dual AI + PMC + Vac,BAU,92016.54688240882,92016.54688240882,0.0,0.0,0.0,0.0,0.55,0.45,0.4,0.35,0.25,,,0.0,0.0,0.0,0.0,0.0,0.0,,0.0
Ukwa East,21.11,Moderate,CM + IPTp + Dual AI + PMC + Vac,Scenario 1,92016.54688240882,86845.91440004634,5170.6324823625,452.1977114390646,270748.6769898009,5.619242035859304,0.65,0.55,0.5,0.45,0.35,,,178538.69903727167,73260.84232987465,105277.856707397,267808048.5559075,109891263.49481197,157916785.0610955,30541.096393867498,617678087.2932795
Ukwa East,21.11,Moderate,CM + IPTp + Dual AI + PMC + Vac,Scenario 2,92016.54688240882,81457.01748731284,10559.529395095979,933.0118722879733,537919.7586631358,11.475685355363717,0.75,0.65,0.6,0.6,0.5,,,364140.00808380323,149614.195309882,214525.81277392124,546210012.1257049,224421292.96482298,321788719.1608819,30473.774646654794,1262140690.1035147
Ukwa East,21.11,Moderate,CM + IPTp + Dual AI + PMC + Vac,Target,92016.54688240882,75155.48782371811,16861.059058690724,1449.0422304966762,865230.4872692877,18.323942410312423,0.85,0.75,0.75,0.75,0.65,,,574888.9872166342,238898.31532738305,335990.67188925116,862333480.8249513,358347472.99107456,503986007.8338767,29890.530961286586,2025172850.9697318
Ukwa East,21.11,Moderate,CM + IPTp + Dual AI + PMC + Vac,High,92016.54688240882,71094.47380101646,20922.073081392387,1754.1103487282603,1099915.1809966573,22.737294313086363,0.9,0.85,0.85,0.85,0.75,,,697097.6076573179,296437.3705650936,400660.23709222424,1045646411.4859768,444656055.8476404,600990355.6383364,28725.181931079453,2537320606.5705214
Ukwa East,21.11,Moderate,CM + IPTp + Dual AI + PMC + Vac,Maximum,92016.54688240882,68739.67747994678,23276.869402462056,1945.605632345022,1223989.3207020652,25.296395258353247,0.95,0.9,0.9,0.9,0.85,,,793015.425509287,329801.63742902485,463213.78808026214,1189523138.2639306,494702456.1435373,694820682.1203932,29850.263371194585,2796709728.248915
Ukwa West,17.23,Moderate,CM + IPTp + Dual AI + PMC + Vac,BAU,192354.2503891291,192354.2503891291,0.0,0.0,0.0,0.0,0.55,0.45,0.4,0.35,0.25,,,0.0,0.0,0.0,0.0,0.0,0.0,,0.0
Ukwa West,17.23,Moderate,CM + IPTp + Dual AI + PMC + Vac,Scenario 1,192354.2503891291,177324.44799030785,15029.802398821252,3307.351029323612,96974.59771066716,7.813605557670932,0.65,0.55,0.5,0.45,0.35,,,346332.0466941841,212951.89467539114,133380.15201879293,519498070.0412761,319427842.01308674,200070228.0281894,13311.56742578867,2054400131.7949984
Ukwa West,17.23,Moderate,CM + IPTp + Dual AI + PMC + Vac,Scenario 2,192354.2503891291,161237.7025895887,31116.547799540374,6804.349633906391,198451.33522010763,16.176688446754973,0.75,0.65,0.6,0.6,0.5,,,703277.313367307,440879.2367216472,262398.0766456597,1054915970.0509604,661318855.0824708,393597114.9684895,12649.125394761928,4273885054.9625664
Ukwa West,17.23,Moderate,CM + IPTp + Dual AI + PMC + Vac,Target,192354.2503891291,143985.53399071662,48368.7163984125,10375.682472926379,315581.8414325291,25.145644715707338,0.85,0.75,0.75,0.75,0.65,,,1098012.5205485956,685319.0432408095,412693.477307786,1647018780.8228934,1027978564.8612142,619040215.961679,12798.359395412783,6636267243.800196
Ukwa West,17.23,Moderate,CM + IPTp + Dual AI + PMC + Vac,High,192354.2503891291,132772.74815215796,59581.50223697113,12503.240954083121,397347.36291813204,30.97488208159625,0.9,0.85,0.85,0.85,0.75,,,1320677.1836108111,844188.9954563971,476488.1881544141,1981015775.4162166,1266283493.1845956,714732282.2316211,11995.875488149744,8222493053.314049
Ukwa West,17.23,Moderate,CM + IPTp + Dual AI + PMC + Vac,Maximum,192354.2503891291,126121.39893996684,66232.85144916226,13821.801391385401,443480.7842220655,34.43274651595919,0.95,0.9,0.9,0.9,0.85,,,1503834.0857079031,938429.5835425621,565404.5021653409,2255751128.561855,1407644375.3138433,848106753.2480114,12804.925874269278,9086820964.12633
Umuahia North,3.66,Low,CM + IPTp + Dual AI + PMC,BAU,97769.27677518417,97769.27677518417,0.0,0.0,0.0,0.0,0.55,0.45,0.4,0.35,,,,0.0,0.0,0.0,0.0,0.0,0.0,,0.0
Umuahia North,3.66,Low,CM + IPTp + Dual AI + PMC,Scenario 1,97769.27677518417,93277.58514751005,4491.691627674149,341.4239949457759,160971.33096752502,4.594174955392767,0.65,0.55,0.5,0.45,,,,305938.74443060806,63641.17218772074,242297.57224288734,458908116.6459121,95461758.2815811,363446358.364331,80915.25164485253,310307385.7867913
Umuahia North,3.66,Low,CM + IPTp + Dual AI + PMC,Scenario 2,97769.27677518417,88732.24294809569,9037.033827088493,697.2370386779589,320309.136897487,9.243224584619485,0.75,0.65,0.6,0.6,,,,613466.9131440162,128042.50013792767,485424.41300608846,920200369.7160243,192063750.2068915,728136619.5091327,80572.5234010461,627418454.5541412
Umuahia North,3.66,Low,CM + IPTp + Dual AI + PMC,Target,97769.27677518417,83191.8429801534,14577.433795030789,1108.9878403708926,523824.9622344011,14.910035417926748,0.85,0.75,0.75,0.75,,,,1017510.3912888397,206542.4457210659,810967.9455677738,1526265586.9332597,309813668.5815988,1216451918.3516607,83447.60370418074,970163150.9029574
Umuahia North,3.66,Low,CM + IPTp + Dual AI + PMC,High,97769.27677518417,79490.46067150412,18278.81610368006,1369.7026684945818,664696.5454606302,18.695869200005777,0.9,0.85,0.85,0.85,,,,1271382.6527722802,258986.0078271554,1012396.6449451247,1907073979.1584203,388479011.7407331,1518594967.4176872,83079.50355230882,1223227448.134322
Umuahia North,3.66,Low,CM + IPTp + Dual AI + PMC,Maximum,97769.27677518417,77526.8683572228,20242.408417961367,1511.0850086059181,739261.8850046031,20.70426322627693,0.95,0.9,0.9,0.9,,,,1424352.0249875842,286807.4450357401,1137544.5799518442,2136528037.4813764,430211167.55361015,1706316869.9277663,84294.1627644331,1330044392.766439
Umuahia South,4.06,Low,CM + IPTp + Dual AI + PMC,BAU,346246.6677897536,346246.6677897536,0.0,0.0,0.0,0.0,0.55,0.45,0.4,0.35,,,,0.0,0.0,0.0,0.0,0.0,0.0,,0.0
Umuahia South,4.06,Low,CM + IPTp + Dual AI + PMC,Scenario 1,346246.6677897536,329169.74875337863,17076.91903637495,679.5076396269081,1202514.1217202893,4.932009640810269,0.65,0.55,0.5,0.45,,,,527075.9654760449,241956.75814736637,285119.20732867863,790613948.2140673,362935137.22104955,427678810.993018,25044.26062347864,2133859044.4632246
Umuahia South,4.06,Low,CM + IPTp + Dual AI + PMC,Scenario 2,346246.6677897536,311964.8129657867,34281.85482396682,1354.7752287031794,2430100.5232873815,9.90099198435703,0.75,0.65,0.6,0.6,,,,1055142.4912789676,485727.33985664265,569415.1514223248,1582713736.9184513,728591009.784964,854122727.1334872,24914.717465531085,4288155496.461536
Umuahia South,4.06,Low,CM + IPTp + Dual AI + PMC,Target,346246.6677897536,290934.70646247524,55311.961327278266,2164.4710207963435,3990933.997715486,15.974727404702293,0.85,0.75,0.75,0.75,,,,1643357.7914696455,783695.3973380016,859662.3941316438,2465036687.2044683,1175543096.0070024,1289493591.1974657,23313.105524636758,7007300607.894274
Umuahia South,4.06,Low,CM + IPTp + Dual AI + PMC,High,346246.6677897536,276917.21182164794,69329.45596810558,2692.87286591091,5041046.724712687,20.023140268949398,0.9,0.85,0.85,0.85,,,,1969778.9736727858,982304.2654492969,987474.7082234889,2954668460.5091786,1473456398.1739454,1481212062.3352332,21364.830311327583,8918206332.880604
Umuahia South,4.06,Low,CM + IPTp + Dual AI + PMC,Maximum,346246.6677897536,269478.92577558727,76767.7420141663,2983.695510405132,5597568.861910267,22.171402400551298,0.95,0.9,0.9,0.9,,,,2233316.956410808,1087694.6800811207,1145622.2763296873,3349975434.616212,1631542020.121681,1718433414.494531,22384.83729503755,9796727887.630413
Umu Neochi,7.83,Low,CM + IPTp + Dual AI + PMC,BAU,316360.7554361473,316360.7554361473,0.0,0.0,0.0,0.0,0.55,0.45,0.4,0.35,,,,0.0,0.0,0.0,0.0,0.0,0.0,,0.0
Umu Neochi,7.83,Low,CM + IPTp + Dual AI + PMC,Scenario 1,316360.7554361473,300245.53435852577,16115.221077621514,100.0357099577702,12746477.894310337,5.093938107273907,0.65,0.55,0.5,0.45,,,,530294.3417070026,228330.80372776187,301963.53797924076,795441512.560504,342496205.5916428,452945306.96886116,28106.6765877538,1964337854.674366
Umu Neochi,7.83,Low,CM + IPTp + Dual AI + PMC,Scenario 2,316360.7554361473,284181.13300295256,32179.622433194727,200.7139645476789,25471701.094726,10.171812363019125,0.75,0.65,0.6,0.6,,,,1061750.6149343008,455941.560989849,605809.0539444519,1592625922.401451,683912341.4847735,908713580.9166778,28238.78940168356,3918229784.062531
Umu Neochi,7.83,Low,CM + IPTp + Dual AI + PMC,Target,316360.7554361473,264427.19335473,51933.56208141728,321.40232841404736,41765654.31030063,16.41593060739144,0.85,0.75,0.75,0.75,,,,1663762.8813944946,735828.0667314173,927934.8146630774,2495644322.091742,1103742100.097126,1391902221.994616,26801.59354007921,6398132090.217976
Umu Neochi,7.83,Low,CM + IPTp + Dual AI + PMC,High,316360.7554361473,251178.62966341004,65182.12577273726,401.5978242016887,52909929.40363098,20.603733128299886,0.9,0.85,0.85,0.85,,,,2002673.447312328,923542.2272326526,1079131.2200796755,3004010170.968492,1385313340.848979,1618696830.1195133,24833.44645375989,8158622035.791076
Umu Neochi,7.83,Low,CM + IPTp + Dual AI + PMC,Maximum,316360.7554361473,244139.74844480056,72221.00699134675,445.8283920874952,58817854.09355714,22.828687108102283,0.95,0.9,0.9,0.9,,,,2267820.618165829,1023273.6177142385,1244547.0004515906,3401730927.248744,1534910426.5713577,1866820500.677386,25848.718793149223,8966330548.024626
