LGA,group,order,seasonal_order,rmse,mae,mase,aic,status
Aba North,PW,"(0, 1, 1)","(0, 1, 1, 12)",1617.3924230068594,1572.5833333333333,16.783173247954462,1248.1501132645376,ok
Aba North,PW,"(1, 1, 0)","(0, 1, 1, 12)",1617.389894857792,1572.5785659477106,16.783122368705556,1129.315205877408,ok
Aba North,PW,"(1, 1, 1)","(0, 1, 1, 12)",1617.3924230068594,1572.5833333333333,16.783173247954462,838.5441728507899,ok
Aba North,PW,"(0, 1, 1)","(1, 0, 0, 12)",1617.3857925155717,1572.5764387307797,16.78309966628367,56.317021888514596,ok
Aba North,PW,"(1, 0, 1)","(1, 0, 0, 12)",1103.3526536701536,1040.7085372937274,11.106814698972544,51.67151234694523,ok
Aba North,PW,"(1, 0, 0)","(1, 0, 0, 12)",1100.853899819092,1037.118534838912,11.068500905431291,73.856860672792,ok
Aba North,U5,"(0, 1, 1)","(0, 1, 1, 12)",546.4746105721656,523.8333333333334,16.44688644688645,932.8825305626552,ok
Aba North,U5,"(1, 1, 0)","(0, 1, 1, 12)",546.4732952563779,523.8320125948261,16.44684497942939,831.4742043619437,ok
Aba North,U5,"(1, 1, 1)","(0, 1, 1, 12)",546.47408489777,523.8327668866497,16.446868662061213,1044.2224012213283,ok
Aba North,U5,"(0, 1, 1)","(1, 0, 0, 12)",546.4607883416589,523.8154895120222,16.446326201319376,49.79273328639024,ok
Aba North,U5,"(1, 0, 1)","(1, 0, 0, 12)",419.0096874312137,388.3990932740134,12.194634011742963,47.91134967922012,ok
Aba North,U5,"(1, 0, 0)","(1, 0, 0, 12)",426.23176951035686,396.78692290845083,12.45798816039092,59.77251809186301,ok
Aba North,A5,"(0, 1, 1)","(0, 1, 1, 12)",1401.6386540997885,1357.9166666666667,18.24543724107043,969.1392003219177,ok
Aba North,A5,"(1, 1, 0)","(0, 1, 1, 12)",1401.6326943048948,1357.9102180411942,18.24535059511178,944.6496782168026,ok
Aba North,A5,"(1, 1, 1)","(0, 1, 1, 12)",1401.6350963549207,1357.9125085756784,18.245381371524065,763.745697734441,ok
Aba North,A5,"(0, 1, 1)","(1, 0, 0, 12)",1401.6353279632415,1357.9131008213756,18.245389329141762,62.808278019295834,ok
Aba North,A5,"(1, 0, 1)","(1, 0, 0, 12)",869.6514104405778,796.1195810042026,10.696937601668829,60.227742014610044,ok
Aba North,A5,"(1, 0, 0)","(1, 0, 0, 12)",962.7334269891561,900.433757971293,12.09853890455214,76.8984444308046,ok
Aba South,PW,"(0, 1, 1)","(0, 1, 1, 12)",1844.2650523537372,1808.0833333333333,7.222222222222222,1148.507490212382,ok
Aba South,PW,"(1, 1, 0)","(0, 1, 1, 12)",1844.2634756607338,1808.0813818263443,7.222214427107427,1063.8558317281704,ok
Aba South,PW,"(1, 1, 1)","(0, 1, 1, 12)",1844.26244673889,1808.0801340976295,7.2222094431700805,1114.9367458993838,ok
Aba South,PW,"(0, 1, 1)","(1, 0, 0, 12)",1844.2542936989387,1808.0715734696332,7.22217524853059,-14.830304287756437,ok
Aba South,PW,"(1, 0, 1)","(1, 0, 0, 12)",489.1454849525822,383.422007188136,1.5315438673382704,-15.376825498361608,ok
Aba South,PW,"(1, 0, 0)","(1, 0, 0, 12)",471.82968899588,368.7673805813284,1.4730073120883898,-7.002103075805014,ok
Aba South,U5,"(0, 1, 1)","(0, 1, 1, 12)",698.7803064387739,683.25,7.0041004613018965,1227.8710293139902,ok
Aba South,U5,"(1, 1, 0)","(0, 1, 1, 12)",698.7802645569876,683.2499623718962,7.004100075570438,1128.647809814342,ok
Aba South,U5,"(1, 1, 1)","(0, 1, 1, 12)",698.7794202724814,683.2491995568729,7.004092255836729,1076.7912627571327,ok
Aba South,U5,"(0, 1, 1)","(1, 0, 0, 12)",698.7744212231217,683.2448406848538,7.004047572371643,4.360052584353859,ok
Aba South,U5,"(1, 0, 1)","(1, 0, 0, 12)",165.18391947699772,135.83942630435004,1.3925107770820098,4.658467699295995,ok
Aba South,U5,"(1, 0, 0)","(1, 0, 0, 12)",164.55760005594985,142.58176110465408,1.461627484414701,12.15440732054886,ok
Aba South,A5,"(0, 1, 1)","(0, 1, 1, 12)",1523.1654265596585,1487.75,6.591714665485157,1230.3429615351606,ok
Aba South,A5,"(1, 1, 0)","(0, 1, 1, 12)",1523.1621940666594,1487.7458163840322,6.5916961293045295,1228.5412317022597,ok
Aba South,A5,"(1, 1, 1)","(0, 1, 1, 12)",1523.165094817802,1487.7497211254395,6.591713429886751,1256.679756165985,ok
Aba South,A5,"(0, 1, 1)","(1, 0, 0, 12)",1523.1589135819029,1487.7428800945297,6.591683119603588,-2.1282110734337394,ok
Aba South,A5,"(1, 0, 1)","(1, 0, 0, 12)",439.41204033783805,334.28940678808993,1.4811227593623835,-3.401472034622831,ok
Aba South,A5,"(1, 0, 0)","(1, 0, 0, 12)",418.39782842288855,326.1203995468229,1.4449286643634156,6.951576552785649,ok
Arochukwu,PW,"(0, 1, 1)","(0, 1, 1, 12)",5517.945443429707,5116.083333333333,26.951578207998594,1010.1062606206825,ok
Arochukwu,PW,"(1, 1, 0)","(0, 1, 1, 12)",5517.8859164363075,5116.046689843786,26.95138516972889,1017.1903992557916,ok
Arochukwu,PW,"(1, 1, 1)","(0, 1, 1, 12)",5517.8953274987325,5116.053187929907,26.951419401711615,1041.2009647578807,ok
Arochukwu,PW,"(0, 1, 1)","(1, 0, 0, 12)",5517.940091743151,5116.075784411451,26.951538440202565,98.04479011601401,ok
Arochukwu,PW,"(1, 0, 1)","(1, 0, 0, 12)",3982.8025093073993,3308.8892213117665,17.431261537267307,97.45289188315314,ok
Arochukwu,PW,"(1, 0, 0)","(1, 0, 0, 12)",3783.1365561088974,2857.970248213564,15.055815873639215,107.40615283239906,ok
Arochukwu,U5,"(0, 1, 1)","(0, 1, 1, 12)",971.2443050026085,906.5,27.44890234670704,1296.9280527009048,ok
Arochukwu,U5,"(1, 1, 0)","(0, 1, 1, 12)",971.2391859750916,906.4959056429383,27.44877836920328,1046.8998791382437,ok
Arochukwu,U5,"(1, 1, 1)","(0, 1, 1, 12)",971.2373879083492,906.4945763698273,27.448738118692727,976.076639282523,ok
Arochukwu,U5,"(0, 1, 1)","(1, 0, 0, 12)",971.2424628849602,906.4977013917113,27.448832744639255,71.68180585382738,ok
Arochukwu,U5,"(1, 0, 1)","(1, 0, 0, 12)",773.0762521495008,675.6508083223332,20.458767852303808,73.195843622274,ok
Arochukwu,U5,"(1, 0, 0)","(1, 0, 0, 12)",777.3445271542845,685.8302691199557,20.767002849960807,72.49262601157307,ok
Arochukwu,A5,"(0, 1, 1)","(0, 1, 1, 12)",5393.259265045581,4987.166666666667,28.176082862523543,975.851014915944,ok
Arochukwu,A5,"(1, 1, 0)","(0, 1, 1, 12)",5393.17757766451,4987.115903902245,28.17579606724432,1126.9448802668994,ok
Arochukwu,A5,"(1, 1, 1)","(0, 1, 1, 12)",5393.214895461603,4987.140513788573,28.17593510615013,1167.3432323757659,ok
Arochukwu,A5,"(0, 1, 1)","(1, 0, 0, 12)",5393.25081574205,4987.154673616451,28.17601510517769,98.80201851537744,ok
Arochukwu,A5,"(1, 0, 1)","(1, 0, 0, 12)",3982.9558048921826,3335.123322725421,18.84250464816622,97.91704755459298,ok
Arochukwu,A5,"(1, 0, 0)","(1, 0, 0, 12)",3794.8931298906427,2926.9987949067377,16.536716355405296,108.06944022429285,ok
Bende,PW,"(0, 1, 1)","(0, 1, 1, 12)",4101.425678623548,3748.0437498127226,12.278603602990081,1214.1654687611447,ok
Bende,PW,"(1, 1, 0)","(0, 1, 1, 12)",4101.418202709311,3748.0699203110235,12.27868933762825,1180.3428908665105,ok
Bende,PW,"(1, 1, 1)","(0, 1, 1, 12)",4101.427925607819,3748.048998618357,12.278620798094536,1104.6931842206316,ok
Bende,PW,"(0, 1, 1)","(1, 0, 0, 12)",4101.437817313547,3748.0764618726607,12.278710767805604,106.38203637051944,ok
Bende,PW,"(1, 0, 1)","(1, 0, 0, 12)",2631.4349972830078,1780.288563581407,5.832231166523856,107.27580033042084,ok
Bende,PW,"(1, 0, 0)","(1, 0, 0, 12)",2573.6054768322965,1976.9273073679517,6.476420335357745,120.34603981678059,ok
Bende,U5,"(0, 1, 1)","(0, 1, 1, 12)",1001.5453759346699,965.578738608412,9.541291883482332,991.9081450164001,ok
Bende,U5,"(1, 1, 0)","(0, 1, 1, 12)",1001.5138926890179,965.559430183492,9.541101088769684,1032.040233054979,ok
Bende,U5,"(1, 1, 1)","(0, 1, 1, 12)",1001.5247592080989,965.5285934703476,9.54079637816549,1046.9375702292637,ok
Bende,U5,"(0, 1, 1)","(1, 0, 0, 12)",1001.5358645111834,965.5714483062778,9.541219844923694,117.69059087643721,ok
Bende,U5,"(1, 0, 1)","(1, 0, 0, 12)",640.2164168496377,572.3528483461045,5.655660556779688,119.30022973743252,ok
Bende,U5,"(1, 0, 0)","(1, 0, 0, 12)",811.1217177586539,763.2658689173262,7.54215285491429,132.8895392890042,ok
Bende,A5,"(0, 1, 1)","(0, 1, 1, 12)",3984.361823024514,3634.365314600305,12.51826509808079,1032.2987552344011,ok
Bende,A5,"(1, 1, 0)","(0, 1, 1, 12)",3984.336892970681,3634.3901324723133,12.518350581149793,1195.9205413472544,ok
Bende,A5,"(1, 1, 1)","(0, 1, 1, 12)",3984.3709253642633,3634.387196140291,12.518340467201554,1116.283843440429,ok
Bende,A5,"(0, 1, 1)","(1, 0, 0, 12)",3984.3773549894654,3634.408074819921,12.518412382054322,111.43399625004274,ok
Bende,A5,"(1, 0, 1)","(1, 0, 0, 12)",2615.335090560115,1790.4465363506563,6.167042233189206,112.60859675400746,ok
Bende,A5,"(1, 0, 0)","(1, 0, 0, 12)",2711.3391359731654,2212.269197179113,7.619974846048783,125.03369880334193,ok
Ikwuano,PW,"(0, 1, 1)","(0, 1, 1, 12)",3771.894006059581,3340.734497507621,8.330489364771825,1006.0239460572333,ok
Ikwuano,PW,"(1, 1, 0)","(0, 1, 1, 12)",3771.8906053879014,3340.7449657727957,8.330515468543846,912.5044359305364,ok
Ikwuano,PW,"(1, 1, 1)","(0, 1, 1, 12)",3771.897135939491,3340.7424059462683,8.330509085334501,1006.2820392166644,ok
Ikwuano,PW,"(0, 1, 1)","(1, 0, 0, 12)",3771.8741325857854,3340.726694173821,8.33046990629966,113.78809512343318,ok
Ikwuano,PW,"(1, 0, 1)","(1, 0, 0, 12)",3392.081614282845,2626.3562948397093,6.549108646193403,114.85220630994228,ok
Ikwuano,PW,"(1, 0, 0)","(1, 0, 0, 12)",2425.8065149492204,1704.295207569343,4.249847783976916,122.86925607938146,ok
Ikwuano,U5,"(0, 1, 1)","(0, 1, 1, 12)",762.4478923204397,714.9920523507534,7.560053421631016,1109.173292527122,ok
Ikwuano,U5,"(1, 1, 0)","(0, 1, 1, 12)",762.4486385101227,714.998668056522,7.560123373582045,1219.9520598620816,ok
Ikwuano,U5,"(1, 1, 1)","(0, 1, 1, 12)",762.2976995078573,714.8693436431436,7.558755946530727,1275.9937620742885,ok
Ikwuano,U5,"(0, 1, 1)","(1, 0, 0, 12)",762.4468509024583,714.9968902541691,7.560104575777627,99.19733408200447,ok
Ikwuano,U5,"(1, 0, 1)","(1, 0, 0, 12)",416.31197297571345,357.4435532920019,3.7794718825482625,100.40764638099695,ok
Ikwuano,U5,"(1, 0, 0)","(1, 0, 0, 12)",534.6752425366066,466.5649015660199,4.9332794244358436,105.76825141407835,ok
Ikwuano,A5,"(0, 1, 1)","(0, 1, 1, 12)",3637.869299118331,3219.4839605643756,8.60882133983388,973.1571908527295,ok
Ikwuano,A5,"(1, 1, 0)","(0, 1, 1, 12)",3637.8687838796936,3219.496308978847,8.60885435919205,1052.0864098135667,ok
Ikwuano,A5,"(1, 1, 1)","(0, 1, 1, 12)",3637.8712657098777,3219.489016439873,8.60883485912126,990.1560783362379,ok
Ikwuano,A5,"(0, 1, 1)","(1, 0, 0, 12)",3637.844879986889,3219.4724628773492,8.608790595300084,111.98244980959669,ok
Ikwuano,A5,"(1, 0, 1)","(1, 0, 0, 12)",3646.974182011328,2821.4528283392815,7.544495830842386,113.00828210457772,ok
Ikwuano,A5,"(1, 0, 0)","(1, 0, 0, 12)",2248.9894715484866,1462.8016698675435,3.9114958750385544,120.37598507360275,ok
Isiala Ngwa North,PW,"(0, 1, 1)","(0, 1, 1, 12)",3724.7051106999306,3364.490409349832,11.554873905211066,1070.7187074794426,ok
Isiala Ngwa North,PW,"(1, 1, 0)","(0, 1, 1, 12)",3724.7055597705807,3364.4953164620765,11.554890758004898,1092.5839535352736,ok
Isiala Ngwa North,PW,"(1, 1, 1)","(0, 1, 1, 12)",3724.7004563706478,3364.489410954037,11.554870476359703,1092.1933105574417,ok
Isiala Ngwa North,PW,"(0, 1, 1)","(1, 0, 0, 12)",3724.693168883672,3364.4862455148973,11.554859605099672,109.76689004035731,ok
Isiala Ngwa North,PW,"(1, 0, 1)","(1, 0, 0, 12)",3017.0520891021956,2609.6166154589723,8.96236495392452,111.70892930550009,ok
Isiala Ngwa North,PW,"(1, 0, 0)","(1, 0, 0, 12)",2966.580786470138,2533.9360833170413,8.702450702557023,111.30995955257019,ok
Isiala Ngwa North,U5,"(0, 1, 1)","(0, 1, 1, 12)",1027.3275534417553,961.4166368583915,15.481749385803406,925.9577967410415,ok
Isiala Ngwa North,U5,"(1, 1, 0)","(0, 1, 1, 12)",1027.3275604460546,961.416666583155,15.481749864463044,929.9781898192848,ok
Isiala Ngwa North,U5,"(1, 1, 1)","(0, 1, 1, 12)",1027.3252556277532,961.4139739990623,15.48170650562097,970.6377884393157,ok
Isiala Ngwa North,U5,"(0, 1, 1)","(1, 0, 0, 12)",1027.326733659122,961.4159439321965,15.4817382275716,109.42449475637997,ok
Isiala Ngwa North,U5,"(1, 0, 1)","(1, 0, 0, 12)",905.187670232136,831.1618146414609,13.384248222889868,111.280417987754,ok
Isiala Ngwa North,U5,"(1, 0, 0)","(1, 0, 0, 12)",913.6387446220671,840.1653026031139,13.529231925976068,109.48609753957365,ok
Isiala Ngwa North,A5,"(0, 1, 1)","(0, 1, 1, 12)",3526.688555382608,3184.1666666666665,14.328570892863839,1030.4548340019946,ok
Isiala Ngwa North,A5,"(1, 1, 0)","(0, 1, 1, 12)",3526.688555382608,3184.1666666666665,14.328570892863839,1233.1850072414234,ok
Isiala Ngwa North,A5,"(1, 1, 1)","(0, 1, 1, 12)",3526.688555382608,3184.1666666666665,14.328570892863839,985.0749348699314,ok
Isiala Ngwa North,A5,"(0, 1, 1)","(1, 0, 0, 12)",3526.6776541577883,3184.155164937301,14.328519135728659,121.44470007317958,ok
Isiala Ngwa North,A5,"(1, 0, 1)","(1, 0, 0, 12)",2940.4758272945237,2554.794279437583,11.496430552087222,123.31178596386907,ok
Isiala Ngwa North,A5,"(1, 0, 0)","(1, 0, 0, 12)",2936.891152667184,2550.4074287687595,11.476689970834782,121.31368390635639,ok
Isiala Ngwa South,PW,"(0, 1, 1)","(0, 1, 1, 12)",1315.5815117683019,1296.0630899895891,10.10181675751823,1090.4871715871927,ok
Isiala Ngwa South,PW,"(1, 1, 0)","(0, 1, 1, 12)",1315.5842766924088,1296.0687572753666,10.10186092965991,1097.5676790480875,ok
Isiala Ngwa South,PW,"(1, 1, 1)","(0, 1, 1, 12)",1315.5907738472401,1296.0749269400749,10.101909017459663,1062.8287064656065,ok
Isiala Ngwa South,PW,"(0, 1, 1)","(1, 0, 0, 12)",1315.5843477978644,1296.0700819056835,10.10187125413627,107.10376703209838,ok
Isiala Ngwa South,PW,"(1, 0, 1)","(1, 0, 0, 12)",648.3951064038541,582.7422466993817,4.542028423221993,108.73517687101192,ok
Isiala Ngwa South,PW,"(1, 0, 0)","(1, 0, 0, 12)",1079.7710475142674,1056.5583259853795,8.235060997547775,123.8089075544362,ok
Isiala Ngwa South,U5,"(0, 1, 1)","(0, 1, 1, 12)",378.6151214351199,370.47265262826755,9.493213392140104,1086.5897477270487,ok
Isiala Ngwa South,U5,"(1, 1, 0)","(0, 1, 1, 12)",378.6361624462629,370.4968113846781,9.493832450600335,1156.6497189472925,ok
Isiala Ngwa South,U5,"(1, 1, 1)","(0, 1, 1, 12)",378.6320476033367,370.4916185149372,9.49369938539237,1064.5473355587546,ok
Isiala Ngwa South,U5,"(0, 1, 1)","(1, 0, 0, 12)",378.6388852695039,370.4993695248125,9.49389800191704,95.54876542519924,ok
Isiala Ngwa South,U5,"(1, 0, 1)","(1, 0, 0, 12)",173.27369443465497,144.6773951874071,3.7073003251097267,96.35613945598209,ok
Isiala Ngwa South,U5,"(1, 0, 0)","(1, 0, 0, 12)",295.65118523909587,285.33532832190417,7.311603544443413,114.44864413112388,ok
Isiala Ngwa South,A5,"(0, 1, 1)","(0, 1, 1, 12)",1234.1542867209205,1213.9026927211912,11.34223492381398,1092.5550757205278,ok
Isiala Ngwa South,A5,"(1, 1, 0)","(0, 1, 1, 12)",1234.1245686027078,1213.8789098105478,11.342012705541208,1129.2551390029203,ok
Isiala Ngwa South,A5,"(1, 1, 1)","(0, 1, 1, 12)",1234.1380293423283,1213.8910159463228,11.342125820568304,1175.6497160902563,ok
Isiala Ngwa South,A5,"(0, 1, 1)","(1, 0, 0, 12)",1234.1374030622628,1213.8916175811567,11.34213144201034,103.76125491404655,ok
Isiala Ngwa South,A5,"(1, 0, 1)","(1, 0, 0, 12)",526.2486600114688,450.91975247682785,4.213218897237354,105.0844037469859,ok
Isiala Ngwa South,A5,"(1, 0, 0)","(1, 0, 0, 12)",974.8181056456403,951.0150572002998,8.88591504041392,120.5472142172453,ok
Isuikwato,PW,"(0, 1, 1)","(0, 1, 1, 12)",4374.452832450401,3880.9166666666665,16.553280727944834,719.8101627097802,ok
Isuikwato,PW,"(1, 1, 0)","(0, 1, 1, 12)",4374.447219314988,3880.914015544226,16.553269420107597,875.4617453020398,ok
Isuikwato,PW,"(1, 1, 1)","(0, 1, 1, 12)",4374.440656551991,3880.910986861601,16.553256501862236,878.0542860981468,ok
Isuikwato,PW,"(0, 1, 1)","(1, 0, 0, 12)",4374.452413174393,3880.916262730825,16.553279005036575,73.59148555161299,ok
Isuikwato,PW,"(1, 0, 1)","(1, 0, 0, 12)",2938.6399457164275,2110.4524654460943,9.00171663657963,74.45401822709664,ok
Isuikwato,PW,"(1, 0, 0)","(1, 0, 0, 12)",2794.344418325007,1958.2468506858952,8.35251375852376,77.70985694480555,ok
Isuikwato,U5,"(0, 1, 1)","(0, 1, 1, 12)",880.6040067287149,795.75,14.832246039142591,796.1781566692102,ok
Isuikwato,U5,"(1, 1, 0)","(0, 1, 1, 12)",880.5959416835126,795.7350297156199,14.831967003087044,1055.1032045412558,ok
Isuikwato,U5,"(1, 1, 1)","(0, 1, 1, 12)",880.594894017309,795.7456243094795,14.832164479207446,1186.5620035727716,ok
Isuikwato,U5,"(0, 1, 1)","(1, 0, 0, 12)",880.6017494203971,795.748348670338,14.83221525946576,81.59276990102707,ok
Isuikwato,U5,"(1, 0, 1)","(1, 0, 0, 12)",597.6013593319202,441.34813311271927,8.2264330496313,82.15230051486216,ok
Isuikwato,U5,"(1, 0, 0)","(1, 0, 0, 12)",676.103471532822,570.1261666029319,10.626769181788106,94.40642316548953,ok
Isuikwato,A5,"(0, 1, 1)","(0, 1, 1, 12)",4269.257761406932,3779.1666666666665,17.05784999623862,1006.9500832215584,ok
Isuikwato,A5,"(1, 1, 0)","(0, 1, 1, 12)",4269.241826530969,3779.158664304486,17.057813876346135,1001.9058510033725,ok
Isuikwato,A5,"(1, 1, 1)","(0, 1, 1, 12)",4269.241165172614,3779.158583953847,17.057813513671167,1048.4858021838475,ok
Isuikwato,A5,"(0, 1, 1)","(1, 0, 0, 12)",4269.256033849586,3779.1646941632785,17.0578410930412,72.19629995941041,ok
Isuikwato,A5,"(1, 0, 1)","(1, 0, 0, 12)",2898.9628417485355,2094.1868554676125,9.452434463857424,72.95786893507102,ok
Isuikwato,A5,"(1, 0, 0)","(1, 0, 0, 12)",2771.2363020125676,1954.0537171266544,8.819921991093,76.02909770162654,ok
Obi Nwa,PW,"(0, 1, 1)","(0, 1, 1, 12)",1206.536476635166,1198.5822910804616,5.122693839429262,1275.6957357309666,ok
Obi Nwa,PW,"(1, 1, 0)","(0, 1, 1, 12)",1206.5375045973499,1198.5833333333333,5.122698293977277,593.8482508738647,ok
Obi Nwa,PW,"(1, 1, 1)","(0, 1, 1, 12)",1206.5361690922005,1198.5819867926787,5.122692538915178,1241.9919366061495,ok
Obi Nwa,PW,"(0, 1, 1)","(1, 0, 0, 12)",1206.516939978445,1198.5631726397708,5.12261212796141,45.769261844055514,ok
Obi Nwa,PW,"(1, 0, 1)","(1, 0, 0, 12)",343.50130341546964,301.4682573944487,1.2884635426624584,47.56327063063898,ok
Obi Nwa,PW,"(1, 0, 0)","(1, 0, 0, 12)",485.1611911345463,455.76147551169294,1.9479067229904603,49.65882181232618,ok
Obi Nwa,U5,"(0, 1, 1)","(0, 1, 1, 12)",430.8134578137293,408.47502021304336,6.938004589605832,988.90070948489,ok
Obi Nwa,U5,"(1, 1, 0)","(0, 1, 1, 12)",430.81266250956065,408.47678016038117,6.938034482554245,1117.7168506760129,ok
Obi Nwa,U5,"(1, 1, 1)","(0, 1, 1, 12)",430.81146894766215,408.4724592153878,6.9379610907072236,1012.6777731961489,ok
Obi Nwa,U5,"(0, 1, 1)","(1, 0, 0, 12)",430.81087549939673,408.47196874674046,6.937952760029562,52.429189842471644,ok
Obi Nwa,U5,"(1, 0, 1)","(1, 0, 0, 12)",194.40727530637963,139.98943612431643,2.3777398917081345,53.78933451716147,ok
Obi Nwa,U5,"(1, 0, 0)","(1, 0, 0, 12)",284.5087733342182,249.12243190815943,4.231378885913536,64.53508886199324,ok
Obi Nwa,A5,"(0, 1, 1)","(0, 1, 1, 12)",1141.752244623827,1133.9155867551335,5.559091000147731,1119.0101919960907,ok
Obi Nwa,A5,"(1, 1, 0)","(0, 1, 1, 12)",1141.7509026617793,1133.9142212401077,5.559084305626218,1174.745129033307,ok
Obi Nwa,A5,"(1, 1, 1)","(0, 1, 1, 12)",1141.7517539565956,1133.9151533019167,5.5590888751166405,1140.4017296731924,ok
Obi Nwa,A5,"(0, 1, 1)","(1, 0, 0, 12)",1141.7431538685903,1133.9062535447222,5.559045243508872,56.547112174643175,ok
Obi Nwa,A5,"(1, 0, 1)","(1, 0, 0, 12)",342.4883581133843,305.20352495718635,1.496279078108525,58.24387570602393,ok
Obi Nwa,A5,"(1, 0, 0)","(1, 0, 0, 12)",432.5630322940989,393.2958216848288,1.9281569882820386,61.167487768050684,ok
Ohafia,PW,"(0, 1, 1)","(0, 1, 1, 12)",6540.6036354962425,6042.25,16.37910002710762,997.489583921106,ok
Ohafia,PW,"(1, 1, 0)","(0, 1, 1, 12)",6540.603147709113,6042.249754257949,16.379099360959472,1118.8832436286107,ok
Ohafia,PW,"(1, 1, 1)","(0, 1, 1, 12)",6540.595988895186,6042.245626892618,16.37908817265551,518.4872891204463,ok
Ohafia,PW,"(0, 1, 1)","(1, 0, 0, 12)",6540.602757512453,6042.248710034685,16.379096530319018,50.06207999728107,ok
Ohafia,PW,"(1, 0, 1)","(1, 0, 0, 12)",4069.943611397293,3043.3517638282065,8.249801474188686,50.42731597816942,ok
Ohafia,PW,"(1, 0, 0)","(1, 0, 0, 12)",3967.7074113579934,2923.0898211377644,7.923800003084208,49.93371809393089,ok
Ohafia,U5,"(0, 1, 1)","(0, 1, 1, 12)",1432.3943241998693,1379.3333333333333,17.366488301332495,1067.3381215901002,ok
Ohafia,U5,"(1, 1, 0)","(0, 1, 1, 12)",1432.3708085068758,1379.3163577634405,17.36627457051861,946.6368978066796,ok
Ohafia,U5,"(1, 1, 1)","(0, 1, 1, 12)",1432.3943241998693,1379.3333333333333,17.366488301332495,923.9011335981995,ok
Ohafia,U5,"(0, 1, 1)","(1, 0, 0, 12)",1432.3865694595445,1379.3263948991755,17.366400943017634,57.99929265391637,ok
Ohafia,U5,"(1, 0, 1)","(1, 0, 0, 12)",887.7899602276052,768.5303032058582,9.676176307281816,58.47288982611705,ok
Ohafia,U5,"(1, 0, 0)","(1, 0, 0, 12)",940.2962261217483,850.9859343431931,10.714333450968752,65.15190588447732,ok
Ohafia,A5,"(0, 1, 1)","(0, 1, 1, 12)",6352.314781505505,5860.25,17.025711795467753,1071.2690157329582,ok
Ohafia,A5,"(1, 1, 0)","(0, 1, 1, 12)",6352.312180241603,5860.248675278674,17.02570794677128,1115.508402672404,ok
Ohafia,A5,"(1, 1, 1)","(0, 1, 1, 12)",6352.310272766212,5860.24762767342,17.0257049031767,1205.2297996182442,ok
Ohafia,A5,"(0, 1, 1)","(1, 0, 0, 12)",6352.266115270227,5860.200935759788,17.02556924973791,53.16152771251362,ok
Ohafia,A5,"(1, 0, 1)","(1, 0, 0, 12)",4223.318987423035,3251.597416477365,9.446825730614076,53.9521387144361,ok
Ohafia,A5,"(1, 0, 0)","(1, 0, 0, 12)",4037.4220020576863,3097.6925983907477,8.999687967433898,52.862338434192,ok
Osisioma Ngwa,PW,"(0, 1, 1)","(0, 1, 1, 12)",1659.9625497783577,1624.1666666666667,6.031068201510088,1119.9003962854622,ok
Osisioma Ngwa,PW,"(1, 1, 0)","(0, 1, 1, 12)",1659.9619822787472,1624.165754773542,6.031064815349208,1379.1575612343768,ok
Osisioma Ngwa,PW,"(1, 1, 1)","(0, 1, 1, 12)",1659.9625497783577,1624.1666666666667,6.031068201510088,1185.3947529723605,ok
Osisioma Ngwa,PW,"(0, 1, 1)","(1, 0, 0, 12)",1659.9554576340265,1624.1594491457336,6.03104140046689,29.039427625209466,ok
Osisioma Ngwa,PW,"(1, 0, 1)","(1, 0, 0, 12)",550.1762208879045,401.9596993183206,1.4926093550624604,67.3537005188081,ok
Osisioma Ngwa,PW,"(1, 0, 0)","(1, 0, 0, 12)",681.0598911984773,627.8202647119126,2.331304362093994,30.098321687521867,ok
Osisioma Ngwa,U5,"(0, 1, 1)","(0, 1, 1, 12)",516.8729695647343,501.8333333333333,6.3203190596137695,820.4178587739619,ok
Osisioma Ngwa,U5,"(1, 1, 0)","(0, 1, 1, 12)",516.8641249668887,501.82074275209953,6.320160488061706,1060.0418736289096,ok
Osisioma Ngwa,U5,"(1, 1, 1)","(0, 1, 1, 12)",516.8366854441908,501.7895786272388,6.319767992786383,1023.2087062891333,ok
Osisioma Ngwa,U5,"(0, 1, 1)","(1, 0, 0, 12)",516.8418427781678,501.79234267770175,6.319802804505059,34.931398183296636,ok
Osisioma Ngwa,U5,"(1, 0, 1)","(1, 0, 0, 12)",236.43492459834437,211.12506434876263,2.6590058482211916,36.657148894953124,ok
Osisioma Ngwa,U5,"(1, 0, 0)","(1, 0, 0, 12)",288.2947454081628,263.6673838587703,3.320747907541187,39.54306509123543,ok
Osisioma Ngwa,A5,"(0, 1, 1)","(0, 1, 1, 12)",1516.7486882583198,1480.75,6.524564882132629,1314.1649793715196,ok
Osisioma Ngwa,A5,"(1, 1, 0)","(0, 1, 1, 12)",1516.7457974275467,1480.7468298295316,6.524550913547176,1141.4172399439408,ok
Osisioma Ngwa,A5,"(1, 1, 1)","(0, 1, 1, 12)",1516.7484567168317,1480.749632059119,6.524563260890589,1013.1451491625542,ok
Osisioma Ngwa,A5,"(0, 1, 1)","(1, 0, 0, 12)",1516.7441758371938,1480.7451038187944,6.5245433083004825,44.043879692392466,ok
Osisioma Ngwa,A5,"(1, 0, 1)","(1, 0, 0, 12)",693.1654682885331,650.7735371423181,2.867475378463618,45.60364894578263,ok
Osisioma Ngwa,A5,"(1, 0, 0)","(1, 0, 0, 12)",759.3440247865517,713.7279110913747,3.144868522103436,45.19340539434582,ok
Ugwunagbo,PW,"(0, 1, 1)","(0, 1, 1, 12)",1097.0761900007979,1082.0,12.072524407252441,1054.4325983424396,ok
Ugwunagbo,PW,"(1, 1, 0)","(0, 1, 1, 12)",1097.075571059607,1081.999177488089,12.072515229992623,1224.6974954940465,ok
Ugwunagbo,PW,"(1, 1, 1)","(0, 1, 1, 12)",1097.0761745268896,1081.9999871111215,12.072524263443476,1214.0700825149765,ok
Ugwunagbo,PW,"(0, 1, 1)","(1, 0, 0, 12)",1097.071824165347,1081.9945970980102,12.07246412382717,100.96731522369792,ok
Ugwunagbo,PW,"(1, 0, 1)","(1, 0, 0, 12)",507.0434505734876,449.6984290494231,5.017555693717413,102.22501263256679,ok
Ugwunagbo,PW,"(1, 0, 0)","(1, 0, 0, 12)",869.3238531793241,848.73102360421,9.469802215946554,114.85547184538726,ok
Ugwunagbo,U5,"(0, 1, 1)","(0, 1, 1, 12)",274.33917231984447,269.243292773096,11.3965414930411,926.5989235759222,ok
Ugwunagbo,U5,"(1, 1, 0)","(0, 1, 1, 12)",274.33839672193596,269.2433981181281,11.396545952090078,1064.0293103475788,ok
Ugwunagbo,U5,"(1, 1, 1)","(0, 1, 1, 12)",274.33290166760827,269.23607638127106,11.39623603730248,883.8663950975063,ok
Ugwunagbo,U5,"(0, 1, 1)","(1, 0, 0, 12)",274.3370579441244,269.241176117585,11.396451899157036,88.24343895803875,ok
Ugwunagbo,U5,"(1, 0, 1)","(1, 0, 0, 12)",156.0560101706402,147.10283229099403,6.2265749117881075,89.98656552242409,ok
Ugwunagbo,U5,"(1, 0, 0)","(1, 0, 0, 12)",224.0709875522309,216.55251095389812,9.16624384990045,103.2145576972069,ok
Ugwunagbo,A5,"(0, 1, 1)","(0, 1, 1, 12)",1040.1396140262455,1026.0833333333333,13.188731790916881,952.4971571483601,ok
Ugwunagbo,A5,"(1, 1, 0)","(0, 1, 1, 12)",1040.133529593301,1026.075896767086,13.18863620523247,1084.2259231471708,ok
Ugwunagbo,A5,"(1, 1, 1)","(0, 1, 1, 12)",1040.1334833560525,1026.0758788978649,13.188635975550962,925.3455926604232,ok
Ugwunagbo,A5,"(0, 1, 1)","(1, 0, 0, 12)",1040.1264287097315,1026.0703615897276,13.188565058993929,95.59659144484982,ok
Ugwunagbo,A5,"(1, 0, 1)","(1, 0, 0, 12)",530.922468632146,488.05490497176356,6.27319929269619,96.79206599997258,ok
Ugwunagbo,A5,"(1, 0, 0)","(1, 0, 0, 12)",842.3000717125565,823.9747851070633,10.590935541221894,108.29791184795462,ok
Ukwa East,PW,"(0, 1, 1)","(0, 1, 1, 12)",812.3649854705503,801.6573056764109,5.214031256431941,1007.2330178101822,ok
Ukwa East,PW,"(1, 1, 0)","(0, 1, 1, 12)",812.3719066880853,801.6649361699821,5.2140808856584195,951.3537134367953,ok
Ukwa East,PW,"(1, 1, 1)","(0, 1, 1, 12)",812.3734773284186,801.6666666666666,5.214092140921409,1093.9017194839755,ok
Ukwa East,PW,"(0, 1, 1)","(1, 0, 0, 12)",812.3664460443194,801.6595051762342,5.214045562121849,86.29244234890427,ok
Ukwa East,PW,"(1, 0, 1)","(1, 0, 0, 12)",288.6251428673785,236.43913032763353,1.5378154818057466,87.02983816543103,ok
Ukwa East,PW,"(1, 0, 0)","(1, 0, 0, 12)",261.02771505569115,208.17106652742993,1.353958156275967,96.03509361609653,ok
Ukwa East,U5,"(0, 1, 1)","(0, 1, 1, 12)",229.72955113930524,224.5,5.919578114700067,956.6165800600579,ok
Ukwa East,U5,"(1, 1, 0)","(0, 1, 1, 12)",229.72156429675266,224.4911114223959,5.919343742185785,1002.4708815649315,ok
Ukwa East,U5,"(1, 1, 1)","(0, 1, 1, 12)",229.72955113930524,224.5,5.919578114700067,799.6244213250802,ok
Ukwa East,U5,"(0, 1, 1)","(1, 0, 0, 12)",229.7259299263943,224.4964139549704,5.919483558469886,93.8826614129775,ok
Ukwa East,U5,"(1, 0, 1)","(1, 0, 0, 12)",78.2276643784756,64.37275484906405,1.6973699366925261,94.7190267730851,ok
Ukwa East,U5,"(1, 0, 0)","(1, 0, 0, 12)",100.71138152438509,83.88933187049447,2.2119797460908233,108.94411591175542,ok
Ukwa East,A5,"(0, 1, 1)","(0, 1, 1, 12)",726.2363104072722,714.493460226562,5.4510277339428725,836.8862748598272,ok
Ukwa East,A5,"(1, 1, 0)","(0, 1, 1, 12)",726.2416065427074,714.4993259261655,5.4510724846550875,1022.3978951730015,ok
Ukwa East,A5,"(1, 1, 1)","(0, 1, 1, 12)",726.2252490240787,714.4806460086311,5.450929971456274,1182.7594142100027,ok
Ukwa East,A5,"(0, 1, 1)","(1, 0, 0, 12)",726.2350141678382,714.4928371796292,5.451022980580807,100.93465685661344,ok
Ukwa East,A5,"(1, 0, 1)","(1, 0, 0, 12)",225.97538847991737,183.65816703312768,1.4011685449790403,102.12563990504133,ok
Ukwa East,A5,"(1, 0, 0)","(1, 0, 0, 12)",397.3347332659252,360.9691836244442,2.7539132834212796,111.91473504426281,ok
Ukwa West,PW,"(0, 1, 1)","(0, 1, 1, 12)",1151.777358404537,1112.9166666666667,13.276667660801273,543.5290649016853,ok
Ukwa West,PW,"(1, 1, 0)","(0, 1, 1, 12)",1151.7721897029962,1112.9094211162526,13.276581224172414,1247.7623823634517,ok
Ukwa West,PW,"(1, 1, 1)","(0, 1, 1, 12)",1151.7718467752686,1112.9086090250137,13.27657153623637,1042.0012645976296,ok
Ukwa West,PW,"(0, 1, 1)","(1, 0, 0, 12)",1151.7560737023634,1112.8997131026088,13.276465411304608,87.14375155915143,ok
Ukwa West,PW,"(1, 0, 1)","(1, 0, 0, 12)",769.3781551156261,710.9384717134463,8.481222448117462,87.83805794388502,ok
Ukwa West,PW,"(1, 0, 0)","(1, 0, 0, 12)",889.1862373413741,828.9341072379583,9.888864983453125,95.52115116743113,ok
Ukwa West,U5,"(0, 1, 1)","(0, 1, 1, 12)",318.79800292139015,313.3333333333333,11.936507936507935,1054.5526070095984,ok
Ukwa West,U5,"(1, 1, 0)","(0, 1, 1, 12)",318.77362268709925,313.30673584022696,11.935494698675313,1104.294630219402,ok
Ukwa West,U5,"(1, 1, 1)","(0, 1, 1, 12)",318.79800292139015,313.3333333333333,11.936507936507935,1064.052529057099,ok
Ukwa West,U5,"(0, 1, 1)","(1, 0, 0, 12)",318.7666160960279,313.3032029645819,11.935360112936452,64.95345642824918,ok
Ukwa West,U5,"(1, 0, 1)","(1, 0, 0, 12)",119.52084886988582,97.02220950804995,3.696084171735236,62.68392053191098,ok
Ukwa West,U5,"(1, 0, 0)","(1, 0, 0, 12)",207.11152202383948,199.44327146557282,7.597838912974202,81.93948042049382,ok
Ukwa West,A5,"(0, 1, 1)","(0, 1, 1, 12)",1018.6151546748818,977.3333333333334,19.814157796925155,1018.0676428131417,ok
Ukwa West,A5,"(1, 1, 0)","(0, 1, 1, 12)",1018.6040741861881,977.3171505413294,19.813829711937746,1073.78563389345,ok
Ukwa West,A5,"(1, 1, 1)","(0, 1, 1, 12)",1018.6151546748818,977.3333333333334,19.814157796925155,985.8320261548107,ok
Ukwa West,A5,"(0, 1, 1)","(1, 0, 0, 12)",1018.6018641920696,977.318450802214,19.813856073030188,77.89100038903489,ok
Ukwa West,A5,"(1, 0, 1)","(1, 0, 0, 12)",516.139783877432,430.7226614606639,8.732339816739257,76.08512568680553,ok
Ukwa West,A5,"(1, 0, 0)","(1, 0, 0, 12)",713.6497110463497,655.649524803044,13.292438414658772,91.70264046565636,ok
Umuahia North,PW,"(0, 1, 1)","(0, 1, 1, 12)",4871.203727006293,3896.4166666666665,9.114424951267056,1046.8088812900069,ok
Umuahia North,PW,"(1, 1, 0)","(0, 1, 1, 12)",4871.203121338065,3896.416421638281,9.114424378101242,1132.6410648886929,ok
Umuahia North,PW,"(1, 1, 1)","(0, 1, 1, 12)",4871.203727006293,3896.4166666666665,9.114424951267056,961.8128974460806,ok
Umuahia North,PW,"(0, 1, 1)","(1, 0, 0, 12)",4871.202960864623,3896.4155969999188,9.114422449122618,66.05822604402667,ok
Umuahia North,PW,"(1, 0, 1)","(1, 0, 0, 12)",3660.5177521509727,2229.4743160597536,5.215144598970184,68.05485456201484,ok
Umuahia North,PW,"(1, 0, 0)","(1, 0, 0, 12)",3430.075805209268,1972.8880902318454,4.614942901127123,67.823760145536,ok
Umuahia North,U5,"(0, 1, 1)","(0, 1, 1, 12)",1165.0575093101627,986.5,8.768888888888888,1328.5647814947308,ok
Umuahia North,U5,"(1, 1, 0)","(0, 1, 1, 12)",1165.046660885523,986.4950005129914,8.768844449004368,1207.419749155982,ok
Umuahia North,U5,"(1, 1, 1)","(0, 1, 1, 12)",1165.0575093101627,986.5,8.768888888888888,1179.770295607069,ok
Umuahia North,U5,"(0, 1, 1)","(1, 0, 0, 12)",1164.998919863263,986.4421741367919,8.768374881215928,48.822360142770044,ok
Umuahia North,U5,"(1, 0, 1)","(1, 0, 0, 12)",893.2754940211581,650.5634546237758,5.782786263322452,50.79656283421417,ok
Umuahia North,U5,"(1, 0, 0)","(1, 0, 0, 12)",936.2885096225773,715.7695621164438,6.362396107701723,62.61012545223566,ok
Umuahia North,A5,"(0, 1, 1)","(0, 1, 1, 12)",4802.16649024167,3831.3333333333335,10.148555283314572,987.3307289886355,ok
Umuahia North,A5,"(1, 1, 0)","(0, 1, 1, 12)",4802.164198578876,3831.33240476783,10.148552823701293,1136.0077547181863,ok
Umuahia North,A5,"(1, 1, 1)","(0, 1, 1, 12)",4802.16649024167,3831.3333333333335,10.148555283314572,1043.868799659117,ok
Umuahia North,A5,"(0, 1, 1)","(1, 0, 0, 12)",4802.159293542895,3831.3232944497327,10.148528692006444,60.00020949565774,ok
Umuahia North,A5,"(1, 0, 1)","(1, 0, 0, 12)",3594.9626850502395,2152.3539644774955,5.701222341507173,61.966606823393505,ok
Umuahia North,A5,"(1, 0, 0)","(1, 0, 0, 12)",3357.383387256267,1979.1727551893548,5.242494550531369,61.6930223911495,ok
Umuahia South,PW,"(0, 1, 1)","(0, 1, 1, 12)",6585.764932792546,5436.75,30.082999031677964,1246.2098095308916,ok
Umuahia South,PW,"(1, 1, 0)","(0, 1, 1, 12)",6585.764518334662,5436.7498351547065,30.082998119544648,1096.6538597115712,ok
Umuahia South,PW,"(1, 1, 1)","(0, 1, 1, 12)",6585.762346477603,5436.748972452715,30.082993345982654,1245.22731575575,ok
Umuahia South,PW,"(0, 1, 1)","(1, 0, 0, 12)",6585.7299007635775,5436.725392875177,30.08286287384245,39.080269786206486,ok
Umuahia South,PW,"(1, 0, 1)","(1, 0, 0, 12)",5617.31697212411,4040.8080934552013,22.358877263550706,40.06424566741348,ok
Umuahia South,PW,"(1, 0, 0)","(1, 0, 0, 12)",5518.767993844932,3886.5969840138246,21.505585746376124,39.28883832879636,ok
Umuahia South,U5,"(0, 1, 1)","(0, 1, 1, 12)",1306.618982973486,1162.3333333333333,27.42969518190757,1110.2077396443024,ok
Umuahia South,U5,"(1, 1, 0)","(0, 1, 1, 12)",1306.592869002094,1162.3201812000668,27.429384807081224,1382.5939839517187,ok
Umuahia South,U5,"(1, 1, 1)","(0, 1, 1, 12)",1306.618982973486,1162.3333333333333,27.42969518190757,1061.3636402148231,ok
Umuahia South,U5,"(0, 1, 1)","(1, 0, 0, 12)",1306.5534623014707,1162.2875903923386,27.42861570247407,32.57435245424172,ok
Umuahia South,U5,"(1, 0, 1)","(1, 0, 0, 12)",1067.5992638888706,871.1626467906298,20.558410543731675,33.21180077239873,ok
Umuahia South,U5,"(1, 0, 0)","(1, 0, 0, 12)",1063.9921323296007,867.7977403908981,20.47900272308904,35.58304377056922,ok
Umuahia South,A5,"(0, 1, 1)","(0, 1, 1, 12)",6488.234723970252,5341.5,30.70268716769651,1059.5526828826507,ok
Umuahia South,A5,"(1, 1, 0)","(0, 1, 1, 12)",6488.2160264757,5341.491611513892,30.70263895107856,1369.6552078025122,ok
Umuahia South,A5,"(1, 1, 1)","(0, 1, 1, 12)",6488.218989952925,5341.49328133053,30.702648549104932,1202.6064257807757,ok
Umuahia South,A5,"(0, 1, 1)","(1, 0, 0, 12)",6488.014716541136,5341.355048648203,30.701853994241716,42.940658061595194,ok
Umuahia South,A5,"(1, 0, 1)","(1, 0, 0, 12)",5044.6478661905185,3357.2255195743965,19.297172119985035,43.934009373711476,ok
Umuahia South,A5,"(1, 0, 0)","(1, 0, 0, 12)",5011.081254900672,3326.292597670001,19.119371160626535,44.4883002497541,ok
Umu Neochi,PW,"(0, 1, 1)","(0, 1, 1, 12)",8598.493918510769,6429.166666666667,9.599352992410104,1255.065625955329,ok
Umu Neochi,PW,"(1, 1, 0)","(0, 1, 1, 12)",8598.46687856276,6429.155992690915,9.599337055156274,1145.0936119284463,ok
Umu Neochi,PW,"(1, 1, 1)","(0, 1, 1, 12)",8598.493918510769,6429.166666666667,9.599352992410104,1074.6121439334363,ok
Umu Neochi,PW,"(0, 1, 1)","(1, 0, 0, 12)",8598.493659832327,6429.166173832281,9.599352256561822,101.37070992558947,ok
Umu Neochi,PW,"(1, 0, 1)","(1, 0, 0, 12)",12394.401986057414,9599.504658062075,14.332967014650354,101.64286093153633,ok
Umu Neochi,PW,"(1, 0, 0)","(1, 0, 0, 12)",6541.37625405691,3782.48146076842,5.64760203175576,106.61253567555373,ok
Umu Neochi,U5,"(0, 1, 1)","(0, 1, 1, 12)",1642.764007194379,1465.4166666666667,10.424447210860158,1022.5386051159962,ok
Umu Neochi,U5,"(1, 1, 0)","(0, 1, 1, 12)",1642.7288139325638,1465.398162588301,10.42431557950063,1259.6358299651763,ok
Umu Neochi,U5,"(1, 1, 1)","(0, 1, 1, 12)",1642.7447550618963,1465.4075659928988,10.424382471939525,1108.5084374939718,ok
Umu Neochi,U5,"(0, 1, 1)","(1, 0, 0, 12)",1642.7534091364596,1465.405121672864,10.424365083925762,92.85280446273697,ok
Umu Neochi,U5,"(1, 0, 1)","(1, 0, 0, 12)",2255.6980114552293,1710.1894472641536,12.165672753079521,93.39237587784183,ok
Umu Neochi,U5,"(1, 0, 0)","(1, 0, 0, 12)",951.4555536531992,633.0033131380765,4.50295794514015,98.5381735197421,ok
Umu Neochi,A5,"(0, 1, 1)","(0, 1, 1, 12)",8147.321384970645,6059.583333333333,9.591742514180186,723.6700587190235,ok
Umu Neochi,A5,"(1, 1, 0)","(0, 1, 1, 12)",8147.300269310584,6059.574597925736,9.591728686863057,1035.7886729174038,ok
Umu Neochi,A5,"(1, 1, 1)","(0, 1, 1, 12)",8147.321384970645,6059.583333333333,9.591742514180186,897.730918870213,ok
Umu Neochi,A5,"(0, 1, 1)","(1, 0, 0, 12)",8147.320131698967,6059.580992302021,9.591738808550883,104.77571206445481,ok
Umu Neochi,A5,"(1, 0, 1)","(1, 0, 0, 12)",13065.117019143447,10000.783831400317,15.830287030313125,105.15663725920211,ok
Umu Neochi,A5,"(1, 0, 0)","(1, 0, 0, 12)",6198.298037675514,3495.3461499413193,5.532799604180957,109.3445200733247,ok
